Lambada de mão aberta, 
6, 
Duarte Cruz, 107359, duarteccruz@ua.pt, Eng. Informática, 
Gonçalo Ferreira, 107853, goncalomf@ua.pt, Eng. Informática, 
Diogo Almeida, 108902, almeidadiogo03@ua.pt, Eng. Informática, 
Guilherme Duarte, 107766, duarte.g@ua.pt, Outro, 
Tomás Matos, 108624, tomas.matos@ua.pt, Eng. Informática, 
Rodrigo Graça , 107634, rodrigomgraca@ua.pt, Eng. Informática, 


Os cansados, 
5, 
Gonçalo Sousa, 108133, gfcs@ua.pt, Eng. Informática, 
João Monteiro, 102690, joao.mont@ua.pt, Outro, 
Liliana Ribeiro, 108713, lilianapcribeiro@ua.pt, Eng. Informática, 
Paulo Pinto, 103234, paulojnpinto02@ua.pt, Eng. Informática, 
Tiago Carvalho, 104142, tiagogcarvalho@ua.pt, Eng. Informática, 


Porta Aberta, 
5, 
Raquel Paradinha, 102491, raquelparadinha@ua.pt, Eng. Informática, 
Catarina Costa, 103696, catarinateves02@ua.pt, Eng. Informática, 
João Sousa, 103415, jsousa11@ua.pt, Eng. Informática, 
Beatriz Dias, 103310, dias.beatriz@ua.pt, Outro, 
Miguel Matos, 103341, miguelamatos@ua.pt, Eng. Informática, 


Seca Extrema, 
6, 
Simão, 93383, simaocordeirosantos@ua.pt, Eng. Materiais, 
Raquel, 92948, raq.milh@ua.pt, Outro, 
Inês, 112980, ines4@ua.pt, Outro, 
Lúcia, 93086, luciamsousa00@ua.pt, Outro, 
Alexandre, 93289, alexandretomas@ua.pt, Outro, 
João Gameiro, 93097, joao.gameiro@ua.pt, Outro, 


Uisqe konhaque tudo, 
6, 
Martim Santos, 114614, santos.martim@ua.pt, Eng. Informática, 
Maria Linhares, 113534, marialinhares@ua.pt, Eng. Informática, 
Rui Machado, 113765, rmachado@ua.pt, Eng. Informática, 
Zakhar Kruptsala, 114478, zakhar.kruptsala@ua.pt, Eng. Informática, 
Gabriel Martins Silva, 113786, gabrielmsilva4@ua.pt, Eng. Informática, 
Guilherme Rosa, 113968, guilherme.rosa60@ua.pt, Eng. Informática, 


Não tavas capaz não vinhas, 
6, 
Bernardo Figueiredo, 108073, bernardo.figueiredo@ua.pt, Eng. Informática, 
Gabriel Teixeira, 107876, gabrielm.teixeira@ua.pt, Eng. Informática, 
Joaquim Rosa, 109089, joaquimvr15@ua.pt, Eng. Informática, 
José Gameiro, 108840, jose.mcgameiro@ua.pt, Eng. Informática, 
Alexandre Cotorobai, 107849, alexandrecotorobai@ua.pt, Eng. Informática, 
Rodrigo Azevedo, 107298, rodrigo.azevedo@ua.pt, Eng. Informática, 


Gueguenation, 
6, 
Adriana Lages, 93101, adrianalages@ua.pt, Eng. Materiais, 
Tomé Silva , 90270, tome.silva@ua.pt, Eng. Materiais, 
Bernardo Botto , 93027, bernardoboto@ua.pt, Eng. Materiais, 
Vasco Oliveira, 93055, vasco.oliveira00@ua.pt, Eng. Materiais, 
Mariana Neves, 93332, mariananeves@ua.pt, Eng. Materiais, 
Inês Vieira, 93306, inesvieira00@ua.pt, Eng. Materiais,


Que mistelga, 
6, 
Patrícia Vaz, 99741, patricianvaz@ua.pt, Outro, 
Jéssica Fernandes, 102958, jessicavfernandes@ua.pt, Outro, 
Eduardo Lopes, 103070, eduardolplopes@ua.pt, Eng. Informática, 
Susana Pinto, 97873, susanapfpinto@ua.pt, Outro, 
Iara Matos, 116133, iaramatos1110@gmail.com, Outro, 
Pedro Gonçalves, , Pedroefta@gmail.com, Outro, 


equipa xl, 
6, 
Mariana Oliveira, 108027, marianacso@ua.pt, Outro, 
Sumeja Ferreira, 108862, sumejaferreira@ua.pt, Outro, 
Beatriz Saraiva, 108944, beatriz.s@ua.pt, Outro, 
Augusto Camacho, 107599, augustocamacho@ua.pt, Outro, 
Maria Lucas, 108309, marialucas@ua.pt, Outro, 
João Gonçalo, 107503, joao.goncalo.santos@ua.pt, Outro, 


Psisioneiros, 
5, 
Oleksandr Vozovikov, 112679, hello@leks.gg, Psicologia, 
Nolwenn Santos, 113606, nolwennsantos@ua.pt, Psicologia, 
Lucas Sant'Ana de Alencar, 111602, lucas.alencar@ua.pt, Psicologia, 
Sophia Kikuchi, 106965, sophia.kikuchi@ua.pt, Psicologia, 
Gabriel Carvalho da Cruz Souza, 111631, gabriel.souza@ua.pt, Psicologia, 
